ACT,MAJOR HEAD,MINOR HEAD,During the current year upto the end of month under review,During the corresponding month of previous year,During the previous month,During the current month
A - IPC Crime,Murder (Sec.302/303 IPC),For gain,9,4,3,6
A - IPC Crime,Murder (Sec.302/303 IPC),Over Property Dispute,4,1,2,2
A - IPC Crime,Murder (Sec.302/303 IPC),Due to Personal Vendetta or enemity,4,3,1,3
A - IPC Crime,Murder (Sec.302/303 IPC),Due to Sexual jealousy,5,2,1,4
A - IPC Crime,Murder (Sec.302/303 IPC),For dowry by burning,1,0,1,0
A - IPC Crime,Murder (Sec.302/303 IPC),For dowry by other means,1,1,1,0
A - IPC Crime,Murder (Sec.302/303 IPC),Due to Communalism,0,0,0,0
A - IPC Crime,Murder (Sec.302/303 IPC),Due to Casteism,0,0,0,0
A - IPC Crime,Murder (Sec.302/303 IPC),Witch Craft (Sorcery),0,0,0,0
A - IPC Crime,Murder (Sec.302/303 IPC),For Human Sacrifice,0,0,0,0
A - IPC Crime,Murder (Sec.302/303 IPC),Due to Terrorism/Naxalism / Extremism,0,0,0,0
A - IPC Crime,Murder (Sec.302/303 IPC),For Political Reasons,4,0,3,1
A - IPC Crime,Murder (Sec.302/303 IPC),Due to Adultery,0,4,0,0
A - IPC Crime,Murder (Sec.302/303 IPC),Civil Disputes,12,11,4,8
A - IPC Crime,Murder (Sec.302/303 IPC),Electoral Gain,0,0,0,0
A - IPC Crime,Murder (Sec.302/303 IPC),Gang Rivalry,0,1,0,0
A - IPC Crime,Murder (Sec.302/303 IPC),Love Intrigue,6,3,2,4
A - IPC Crime,Murder (Sec.302/303 IPC),Professional ,0,0,0,0
A - IPC Crime,Murder (Sec.302/303 IPC),Psychopathic/Serial Killer/Lunacy,0,0,0,0
A - IPC Crime,Murder (Sec.302/303 IPC),Rape with Murder,2,0,1,1
A - IPC Crime,Murder (Sec.302/303 IPC),Revenge/Enemity,7,8,5,2
A - IPC Crime,Murder (Sec.302/303 IPC),Sudden Quarrel,8,8,6,2
A - IPC Crime,Murder (Sec.302/303 IPC),Village Dispute,0,0,0,0
A - IPC Crime,Murder (Sec.302/303 IPC),Custodial,0,0,0,0
A - IPC Crime,ATTEMPT TO MURDER (Sec. 307 IPC),For Gain ,6,2,4,2
A - IPC Crime,ATTEMPT TO MURDER (Sec. 307 IPC),Over Property Dispute,14,10,6,8
A - IPC Crime,ATTEMPT TO MURDER (Sec. 307 IPC),Due to Personal Vendetta or enemity,10,19,6,4
A - IPC Crime,ATTEMPT TO MURDER (Sec. 307 IPC),Due to Sexual jealousy,4,1,4,0
A - IPC Crime,ATTEMPT TO MURDER (Sec. 307 IPC),For Dowry other Means,10,5,8,2
A - IPC Crime,ATTEMPT TO MURDER (Sec. 307 IPC),Dowry By Burning,0,1,0,0
A - IPC Crime,ATTEMPT TO MURDER (Sec. 307 IPC),Due to Communalism,0,0,0,0
A - IPC Crime,ATTEMPT TO MURDER (Sec. 307 IPC),Due to Casteism,0,0,0,0
A - IPC Crime,ATTEMPT TO MURDER (Sec. 307 IPC),Witch Craft (Sorcery),1,0,1,0
A - IPC Crime,ATTEMPT TO MURDER (Sec. 307 IPC),For Human Sacrifice,0,0,0,0
A - IPC Crime,ATTEMPT TO MURDER (Sec. 307 IPC),Terrorism /Naxalism / Extremism,0,0,0,0
A - IPC Crime,ATTEMPT TO MURDER (Sec. 307 IPC),For Political Reasons,14,2,12,2
A - IPC Crime,ATTEMPT TO MURDER (Sec. 307 IPC),Adultery,0,0,0,0
A - IPC Crime,ATTEMPT TO MURDER (Sec. 307 IPC),Electoral Gain,0,0,0,0
A - IPC Crime,ATTEMPT TO MURDER (Sec. 307 IPC),Gang Rivalry,0,0,0,0
A - IPC Crime,ATTEMPT TO MURDER (Sec. 307 IPC),Love Intrigue,3,3,1,2
A - IPC Crime,ATTEMPT TO MURDER (Sec. 307 IPC),Professional ,2,2,1,1
A - IPC Crime,ATTEMPT TO MURDER (Sec. 307 IPC),Rape,0,0,0,0
A - IPC Crime,ATTEMPT TO MURDER (Sec. 307 IPC),Revenge/Enemity,31,25,13,18
A - IPC Crime,ATTEMPT TO MURDER (Sec. 307 IPC),Sudden Quarrel,20,18,9,11
A - IPC Crime,ATTEMPT TO MURDER (Sec. 307 IPC),Village Dispute,3,1,3,0
A - IPC Crime,ATTEMPT TO MURDER (Sec. 307 IPC),Civil Disputes,42,18,23,19
A - IPC Crime,CULPABLE HOMICIDE NOT AMOUNTING TO MUDER (Sec.304 IPC),For Gain,0,0,0,0
A - IPC Crime,CULPABLE HOMICIDE NOT AMOUNTING TO MUDER (Sec.304 IPC),Over Civil Dispute,0,0,0,0
A - IPC Crime,CULPABLE HOMICIDE NOT AMOUNTING TO MUDER (Sec.304 IPC),Due to Personal Vendetta or enemity,0,0,0,0
A - IPC Crime,CULPABLE HOMICIDE NOT AMOUNTING TO MUDER (Sec.304 IPC),Due to Sexual jealousy,0,0,0,0
A - IPC Crime,CULPABLE HOMICIDE NOT AMOUNTING TO MUDER (Sec.304 IPC),For Dowry,0,0,0,0
A - IPC Crime,CULPABLE HOMICIDE NOT AMOUNTING TO MUDER (Sec.304 IPC),Due to Communalism,0,0,0,0
A - IPC Crime,CULPABLE HOMICIDE NOT AMOUNTING TO MUDER (Sec.304 IPC),Due to Casteism,0,0,0,0
A - IPC Crime,CULPABLE HOMICIDE NOT AMOUNTING TO MUDER (Sec.304 IPC),Witch Craft (Sorcery),0,0,0,0
A - IPC Crime,CULPABLE HOMICIDE NOT AMOUNTING TO MUDER (Sec.304 IPC),For Human Sacrifice,0,0,0,0
A - IPC Crime,CULPABLE HOMICIDE NOT AMOUNTING TO MUDER (Sec.304 IPC),Terrorism /Naxalism / Extremism,0,0,0,0
A - IPC Crime,CULPABLE HOMICIDE NOT AMOUNTING TO MUDER (Sec.304 IPC),For Political Reasons,0,0,0,0
A - IPC Crime,CULPABLE HOMICIDE NOT AMOUNTING TO MUDER (Sec.304 IPC),Adultery,0,0,0,0
A - IPC Crime,CULPABLE HOMICIDE NOT AMOUNTING TO MUDER (Sec.304 IPC),Property Disputes,0,0,0,0
A - IPC Crime,CULPABLE HOMICIDE NOT AMOUNTING TO MUDER (Sec.304 IPC),Electoral Gain,0,0,0,0
A - IPC Crime,CULPABLE HOMICIDE NOT AMOUNTING TO MUDER (Sec.304 IPC),Gang Rivalry,0,0,0,0
A - IPC Crime,CULPABLE HOMICIDE NOT AMOUNTING TO MUDER (Sec.304 IPC),Love Intrigue,0,0,0,0
A - IPC Crime,CULPABLE HOMICIDE NOT AMOUNTING TO MUDER (Sec.304 IPC),Professional ,0,0,0,0
A - IPC Crime,CULPABLE HOMICIDE NOT AMOUNTING TO MUDER (Sec.304 IPC),Sudden Quarrel,0,0,0,0
A - IPC Crime,ATTEMPT TO CULPABLE HOMICIDE NOT AMOUNTING TO MURDER (Sec. 308 IPC),ATTEMPT TO CULPABLE HOMICIDE NOT AMOUNTING TO MURDER (Sec. 308 IPC),1,1,1,0
A - IPC Crime,ATTEMPT TO CULPABLE HOMICIDE NOT AMOUNTING TO MURDER (Sec. 308 IPC),For Gain,0,0,0,0
A - IPC Crime,ATTEMPT TO CULPABLE HOMICIDE NOT AMOUNTING TO MURDER (Sec. 308 IPC),Over Civil Dispute,0,0,0,0
A - IPC Crime,ATTEMPT TO CULPABLE HOMICIDE NOT AMOUNTING TO MURDER (Sec. 308 IPC),Due to Personal Vendetta or enemity,0,0,0,0
A - IPC Crime,ATTEMPT TO CULPABLE HOMICIDE NOT AMOUNTING TO MURDER (Sec. 308 IPC),Due to Sexual jealousy,0,0,0,0
A - IPC Crime,ATTEMPT TO CULPABLE HOMICIDE NOT AMOUNTING TO MURDER (Sec. 308 IPC),For Dowry,0,0,0,0
A - IPC Crime,ATTEMPT TO CULPABLE HOMICIDE NOT AMOUNTING TO MURDER (Sec. 308 IPC),Due to Communalism,0,0,0,0
A - IPC Crime,ATTEMPT TO CULPABLE HOMICIDE NOT AMOUNTING TO MURDER (Sec. 308 IPC),Due to Casteism,0,0,0,0
A - IPC Crime,ATTEMPT TO CULPABLE HOMICIDE NOT AMOUNTING TO MURDER (Sec. 308 IPC),Witch Craft (Sorcery),0,0,0,0
A - IPC Crime,ATTEMPT TO CULPABLE HOMICIDE NOT AMOUNTING TO MURDER (Sec. 308 IPC),For Human Sacrifice,0,0,0,0
A - IPC Crime,ATTEMPT TO CULPABLE HOMICIDE NOT AMOUNTING TO MURDER (Sec. 308 IPC),Terrorism /Naxalism / Extremism,0,0,0,0
A - IPC Crime,ATTEMPT TO CULPABLE HOMICIDE NOT AMOUNTING TO MURDER (Sec. 308 IPC),For Political Reasons,0,0,0,0
A - IPC Crime,ATTEMPT TO CULPABLE HOMICIDE NOT AMOUNTING TO MURDER (Sec. 308 IPC),Adultery,0,0,0,0
A - IPC Crime,ATTEMPT TO CULPABLE HOMICIDE NOT AMOUNTING TO MURDER (Sec. 308 IPC),Property Disputes,1,0,1,0
A - IPC Crime,ATTEMPT TO CULPABLE HOMICIDE NOT AMOUNTING TO MURDER (Sec. 308 IPC),Electoral Gain,0,0,0,0
A - IPC Crime,ATTEMPT TO CULPABLE HOMICIDE NOT AMOUNTING TO MURDER (Sec. 308 IPC),Gang Rivalry,0,0,0,0
A - IPC Crime,ATTEMPT TO CULPABLE HOMICIDE NOT AMOUNTING TO MURDER (Sec. 308 IPC),Love Intrigue,0,0,0,0
A - IPC Crime,ATTEMPT TO CULPABLE HOMICIDE NOT AMOUNTING TO MURDER (Sec. 308 IPC),Professional ,0,0,0,0
A - IPC Crime,ATTEMPT TO CULPABLE HOMICIDE NOT AMOUNTING TO MURDER (Sec. 308 IPC),Sudden Quarrel,0,0,0,0
A - IPC Crime,"RAPE (Sec.376, 376(A) to 376 (D) IPC)",Custodial Rape,0,0,0,0
A - IPC Crime,"RAPE (Sec.376, 376(A) to 376 (D) IPC)",Attempt to Commit,0,3,0,0
A - IPC Crime,"RAPE (Sec.376, 376(A) to 376 (D) IPC)",By a Gang,2,0,1,1
A - IPC Crime,"RAPE (Sec.376, 376(A) to 376 (D) IPC)",By Parents,0,0,0,0
A - IPC Crime,"RAPE (Sec.376, 376(A) to 376 (D) IPC)",By Hospital Staff,0,0,0,0
A - IPC Crime,"RAPE (Sec.376, 376(A) to 376 (D) IPC)",By Husband During Sepearation,1,0,0,1
A - IPC Crime,"RAPE (Sec.376, 376(A) to 376 (D) IPC)",By Neighbours,7,2,3,4
A - IPC Crime,"RAPE (Sec.376, 376(A) to 376 (D) IPC)",By Relatives,13,3,7,6
A - IPC Crime,"RAPE (Sec.376, 376(A) to 376 (D) IPC)",In Jail Custody,0,0,0,0
A - IPC Crime,"RAPE (Sec.376, 376(A) to 376 (D) IPC)",In Remand Home,0,0,0,0
A - IPC Crime,"RAPE (Sec.376, 376(A) to 376 (D) IPC)",InCest,0,0,0,0
A - IPC Crime,"RAPE (Sec.376, 376(A) to 376 (D) IPC)",Known Person,39,23,23,16
A - IPC Crime,"RAPE (Sec.376, 376(A) to 376 (D) IPC)",Unknown Person,2,1,1,1
A - IPC Crime,"RAPE (Sec.376, 376(A) to 376 (D) IPC)",On Minor,0,0,0,0
A - IPC Crime,"KIDNAPPING AND ABDUCTION (Sec.360, 361, 363 to 369 IPC)",Missing - Boy,83,78,43,40
A - IPC Crime,"KIDNAPPING AND ABDUCTION (Sec.360, 361, 363 to 369 IPC)",Missing - Girl,312,115,143,169
A - IPC Crime,"KIDNAPPING AND ABDUCTION (Sec.360, 361, 363 to 369 IPC)",For Ransom - of Children,3,0,2,1
A - IPC Crime,"KIDNAPPING AND ABDUCTION (Sec.360, 361, 363 to 369 IPC)",For Ransom - of Cildren for Begging,0,0,0,0
A - IPC Crime,"KIDNAPPING AND ABDUCTION (Sec.360, 361, 363 to 369 IPC)",For Ransom - of Women,3,1,0,3
A - IPC Crime,"KIDNAPPING AND ABDUCTION (Sec.360, 361, 363 to 369 IPC)",For Ransom - of Girls for Immoral Purpose,0,0,0,0
A - IPC Crime,"KIDNAPPING AND ABDUCTION (Sec.360, 361, 363 to 369 IPC)",For Ransom - of  Others,8,3,5,3
A - IPC Crime,"KIDNAPPING AND ABDUCTION (Sec.360, 361, 363 to 369 IPC)",Procuration of Minor Girls - For Prostitution,0,0,0,0
A - IPC Crime,"KIDNAPPING AND ABDUCTION (Sec.360, 361, 363 to 369 IPC)",Procuration of Minor Girls - Importring of Girl,0,0,0,0
A - IPC Crime,"KIDNAPPING AND ABDUCTION (Sec.360, 361, 363 to 369 IPC)",Procuration of Minor Girls - For other Purpose,5,3,3,2
A - IPC Crime,"KIDNAPPING AND ABDUCTION (Sec.360, 361, 363 to 369 IPC)",Espionage,0,0,0,0
A - IPC Crime,"KIDNAPPING AND ABDUCTION (Sec.360, 361, 363 to 369 IPC)",Intent to Steal From Child,0,0,0,0
A - IPC Crime,"KIDNAPPING AND ABDUCTION (Sec.360, 361, 363 to 369 IPC)",Murder (Homicide),1,0,0,1
A - IPC Crime,"KIDNAPPING AND ABDUCTION (Sec.360, 361, 363 to 369 IPC)",Obtain Signature Forcibly,0,0,0,0
A - IPC Crime,"KIDNAPPING AND ABDUCTION (Sec.360, 361, 363 to 369 IPC)",Recovering Loan,1,0,0,1
A - IPC Crime,"KIDNAPPING AND ABDUCTION (Sec.360, 361, 363 to 369 IPC)",Settling any Disputes,2,1,2,0
A - IPC Crime,"KIDNAPPING AND ABDUCTION (Sec.360, 361, 363 to 369 IPC)",Unnatural Lust / Illicit Intercourse,0,0,0,0
A - IPC Crime,"KIDNAPPING AND ABDUCTION (Sec.360, 361, 363 to 369 IPC)",Wrongful Confinement,4,0,1,3
A - IPC Crime,"KIDNAPPING AND ABDUCTION (Sec.360, 361, 363 to 369 IPC)",For Exporting,0,0,0,0
A - IPC Crime,"KIDNAPPING AND ABDUCTION (Sec.360, 361, 363 to 369 IPC)",From Lawful Guardianship,1,0,0,1
A - IPC Crime,"KIDNAPPING AND ABDUCTION (Sec.360, 361, 363 to 369 IPC)",For Camel Racing Etc.,0,0,0,0
A - IPC Crime,"KIDNAPPING AND ABDUCTION (Sec.360, 361, 363 to 369 IPC)",To Compel For Marriage,6,3,2,4
A - IPC Crime,"KIDNAPPING AND ABDUCTION (Sec.360, 361, 363 to 369 IPC)",For Slavery,0,0,0,0
A - IPC Crime,"KIDNAPPING AND ABDUCTION (Sec.360, 361, 363 to 369 IPC)",For Stealing From its Person,0,0,0,0
A - IPC Crime,DACOITY (Sec. 395 to 398 IPC ),At ATM,0,1,0,0
A - IPC Crime,DACOITY (Sec. 395 to 398 IPC ),At Residential Premises,5,2,3,2
A - IPC Crime,DACOITY (Sec. 395 to 398 IPC ),On Highways,3,4,2,1
A - IPC Crime,DACOITY (Sec. 395 to 398 IPC ),In Trains,0,0,0,0
A - IPC Crime,DACOITY (Sec. 395 to 398 IPC ),At Banks,0,0,0,0
A - IPC Crime,DACOITY (Sec. 395 to 398 IPC ),At Commercial Places / Establishments,2,0,1,1
A - IPC Crime,DACOITY (Sec. 395 to 398 IPC ),On Other Roads,8,1,3,5
A - IPC Crime,DACOITY (Sec. 395 to 398 IPC ),In Other Places,7,6,4,3
A - IPC Crime,DACOITY (Sec. 395 to 398 IPC ),River & Sea,0,0,0,0
A - IPC Crime,Robbery (Sec.392 to 394 IPC),At ATM,0,0,0,0
A - IPC Crime,Robbery (Sec.392 to 394 IPC),At Residential Premises,26,9,12,14
A - IPC Crime,Robbery (Sec.392 to 394 IPC),On Highways,21,14,8,13
A - IPC Crime,Robbery (Sec.392 to 394 IPC),In Trains,6,4,0,6
A - IPC Crime,Robbery (Sec.392 to 394 IPC),At Banks,0,0,0,0
A - IPC Crime,Robbery (Sec.392 to 394 IPC),At Commercial Places / Establishments,20,5,9,11
A - IPC Crime,Robbery (Sec.392 to 394 IPC),In Other Places,120,48,64,56
A - IPC Crime,Robbery (Sec.392 to 394 IPC),Chain Snatching,132,57,48,84
A - IPC Crime,Robbery (Sec.392 to 394 IPC),Attempt to Commit,10,5,4,6
A - IPC Crime,"BURGLARY - NIGHT (Sec. 380 IPC R/W 453 TO 460, 462 IPC)",At Residential Premises,380,227,198,182
A - IPC Crime,"BURGLARY - NIGHT (Sec. 380 IPC R/W 453 TO 460, 462 IPC)",On Highways,0,0,0,0
A - IPC Crime,"BURGLARY - NIGHT (Sec. 380 IPC R/W 453 TO 460, 462 IPC)",In Trains,0,0,0,0
A - IPC Crime,"BURGLARY - NIGHT (Sec. 380 IPC R/W 453 TO 460, 462 IPC)",At Banks,6,4,4,2
A - IPC Crime,"BURGLARY - NIGHT (Sec. 380 IPC R/W 453 TO 460, 462 IPC)",At Commercial Places / Establishments,116,36,63,53
A - IPC Crime,"BURGLARY - NIGHT (Sec. 380 IPC R/W 453 TO 460, 462 IPC)",In Other Places,100,51,45,55
A - IPC Crime,"BURGLARY - NIGHT (Sec. 380 IPC R/W 453 TO 460, 462 IPC)",Temple Theft,67,26,35,32
A - IPC Crime,"BURGLARY - DAY (Sec. 380 IPC R/W 453 TO 460, 462 IPC)",At Residential Premises,122,99,62,60
A - IPC Crime,"BURGLARY - DAY (Sec. 380 IPC R/W 453 TO 460, 462 IPC)",On Highways,0,0,0,0
A - IPC Crime,"BURGLARY - DAY (Sec. 380 IPC R/W 453 TO 460, 462 IPC)",In Trains,0,0,0,0
A - IPC Crime,"BURGLARY - DAY (Sec. 380 IPC R/W 453 TO 460, 462 IPC)",At Banks,0,0,0,0
A - IPC Crime,"BURGLARY - DAY (Sec. 380 IPC R/W 453 TO 460, 462 IPC)",At Commercial Places / Establishments,6,3,4,2
A - IPC Crime,"BURGLARY - DAY (Sec. 380 IPC R/W 453 TO 460, 462 IPC)",In Other Places,7,4,4,3
A - IPC Crime,"BURGLARY - DAY (Sec. 380 IPC R/W 453 TO 460, 462 IPC)",Temple Theft,4,0,0,4
A - IPC Crime,THEFT (Sec.379 to 389 IPC),Of Sand,193,119,100,93
A - IPC Crime,THEFT (Sec.379 to 389 IPC),Attempt to Commit,10,5,5,5
A - IPC Crime,THEFT (Sec.379 to 389 IPC),Of ATM,1,0,1,0
A - IPC Crime,THEFT (Sec.379 to 389 IPC),Communication And Elec. Wire,16,5,8,8
A - IPC Crime,THEFT (Sec.379 to 389 IPC),Of Cattle,44,33,23,21
A - IPC Crime,THEFT (Sec.379 to 389 IPC),Of Cycle,15,0,5,10
A - IPC Crime,THEFT (Sec.379 to 389 IPC),Of Automobiles - Of Lorries/Trucks,24,15,11,13
A - IPC Crime,THEFT (Sec.379 to 389 IPC),Of Automobiles - Of Buses,2,0,2,0
A - IPC Crime,THEFT (Sec.379 to 389 IPC),Of Automobiles - Of Cars / Jeeps,66,29,36,30
A - IPC Crime,THEFT (Sec.379 to 389 IPC),Of Automobiles - Of Two Wheelers ,1330,689,661,669
A - IPC Crime,THEFT (Sec.379 to 389 IPC),Of Automobies - of Three Wheelers,23,12,16,7
A - IPC Crime,THEFT (Sec.379 to 389 IPC),Of Accessories of Motor Vehicle,39,18,20,19
A - IPC Crime,THEFT (Sec.379 to 389 IPC),Govt. Vehicle,1,1,0,1
A - IPC Crime,THEFT (Sec.379 to 389 IPC),"Electronic Goods (Radio, TV, VCR, Acs, Office Automation Equipments)",199,190,106,93
A - IPC Crime,THEFT (Sec.379 to 389 IPC),Of Fire Arms,0,0,0,0
A - IPC Crime,THEFT (Sec.379 to 389 IPC),Of Explosives,0,0,0,0
A - IPC Crime,THEFT (Sec.379 to 389 IPC),Of Cultural - Idols,1,1,0,1
A - IPC Crime,THEFT (Sec.379 to 389 IPC),Of Cultural - Painting,0,0,0,0
A - IPC Crime,THEFT (Sec.379 to 389 IPC),Of Cultrual - Others,36,13,22,14
A - IPC Crime,THEFT (Sec.379 to 389 IPC),Cash,77,59,30,47
A - IPC Crime,THEFT (Sec.379 to 389 IPC),Jewellery,152,89,62,90
A - IPC Crime,THEFT (Sec.379 to 389 IPC),Other Items Not Included Above,207,102,116,91
A - IPC Crime,THEFT (Sec.379 to 389 IPC),In Running Train,4,2,2,2
A - IPC Crime,THEFT (Sec.379 to 389 IPC),Extortion,24,14,15,9
A - IPC Crime,THEFT (Sec.379 to 389 IPC),House Theft,182,110,93,89
A - IPC Crime,THEFT (Sec.379 to 389 IPC),Servant Theft,54,33,29,25
A - IPC Crime,RIOTS (Sec.141 to 153 IPC),Land Dispute,165,98,84,81
A - IPC Crime,RIOTS (Sec.141 to 153 IPC),Employee - Govt.,0,0,0,0
A - IPC Crime,RIOTS (Sec.141 to 153 IPC),Labour - Private Sector,1,0,1,0
A - IPC Crime,RIOTS (Sec.141 to 153 IPC),Labour - Public Sector,0,0,0,0
A - IPC Crime,RIOTS (Sec.141 to 153 IPC),Linguistic,0,0,0,0
A - IPC Crime,RIOTS (Sec.141 to 153 IPC),Political ,21,0,17,4
A - IPC Crime,RIOTS (Sec.141 to 153 IPC),Regional,0,0,0,0
A - IPC Crime,RIOTS (Sec.141 to 153 IPC),Sectarian,0,0,0,0
A - IPC Crime,RIOTS (Sec.141 to 153 IPC),Students,2,3,0,2
A - IPC Crime,RIOTS (Sec.141 to 153 IPC),Tribal,0,0,0,0
A - IPC Crime,RIOTS (Sec.141 to 153 IPC),Due to Village Disputes,1,1,1,0
A - IPC Crime,RIOTS (Sec.141 to 153 IPC),Communal,2,1,0,2
A - IPC Crime,RIOTS (Sec.141 to 153 IPC),Industrial,2,0,1,1
A - IPC Crime,RIOTS (Sec.141 to 153 IPC),Caste,0,0,0,0
A - IPC Crime,RIOTS (Sec.141 to 153 IPC),Agrarian,4,4,4,0
A - IPC Crime,"OFFENCES AGAINST STATE (Sec. 121 to 130, except 124(A) IPC)",NA,0,0,0,0
A - IPC Crime,"OFFENCES PROMOTING ENEMITY (Sec. 153(A), 154(B) & 505 IPC",NA,12,5,7,5
A - IPC Crime,CRIMINAL BREACH OF TRUST,NA,63,49,27,36
A - IPC Crime,CHEATING (Sec.417 to 420 IPC),NA,998,567,493,505
A - IPC Crime,"COUNTERFEITING (Sec. 231 to 263 (A), 489(A) to 489 (E) IPC )",NA,1,0,1,0
A - IPC Crime,"Stock Share, Debentrue Certificate",NA,0,0,0,0
A - IPC Crime,Usage of Counterfeit Stamp,NA,0,0,0,0
A - IPC Crime,Of Coins (Sec 231 to 254 IPC),NA,0,0,0,0
A - IPC Crime,Of Stamps (Sec.255 to 263(A) IPC),NA,0,0,0,0
A - IPC Crime,Of Currency Notes And Bank Notes (Sec. 489 (A) to 489 (E) IPC),NA,8,2,5,3
A - IPC Crime,"FORGERY (Sec. 465, 468, 471, 473, 476, 477 & 477(A) IPC",Forgery  ,68,13,23,45
A - IPC Crime,"FORGERY (Sec. 465, 468, 471, 473, 476, 477 & 477(A) IPC",Organised (Racket),0,0,0,0
A - IPC Crime,"FORGERY (Sec. 465, 468, 471, 473, 476, 477 & 477(A) IPC",Forgery of Passport,1,0,1,0
A - IPC Crime,"FORGERY (Sec. 465, 468, 471, 473, 476, 477 & 477(A) IPC",Other Forgery,24,9,12,12
A - IPC Crime,"CASES OF HURT (Sec. 323 to 335 IPC except 328, 332, 333)",Acid Attack (326(a)),0,0,0,0
A - IPC Crime,"CASES OF HURT (Sec. 323 to 335 IPC except 328, 332, 333)",Attempt to Acid Attack (326(b)),0,0,0,0
A - IPC Crime,"CASES OF HURT (Sec. 323 to 335 IPC except 328, 332, 333)",Grievous Hurt,154,81,80,74
A - IPC Crime,"CASES OF HURT (Sec. 323 to 335 IPC except 328, 332, 333)",Simple Hurt,2008,1120,1005,1003
A - IPC Crime,"CASES OF HURT (Sec. 323 to 335 IPC except 328, 332, 333)",Custodial,0,0,0,0
A - IPC Crime,"ADULTERATION (Sec. 272, 273 to 276 IPC)",NA,0,3,0,0
A - IPC Crime,Attempt to Commit,NA,0,0,0,0
A - IPC Crime,Alcoholic Drink (Liquor),NA,0,0,0,0
A - IPC Crime,Cement & Chemical/Fertiliser,NA,0,0,0,0
A - IPC Crime,Cosmetics,NA,0,0,0,0
A - IPC Crime,Diesel,NA,0,0,0,0
A - IPC Crime,Drug/Medicine,NA,0,0,0,0
A - IPC Crime,Edible Oil,NA,0,0,0,0
A - IPC Crime,Food Grain,NA,0,0,0,0
A - IPC Crime,Kerosene,NA,0,0,0,0
A - IPC Crime,Life Saving Drug,NA,0,0,0,0
A - IPC Crime,Mobile Oil,NA,0,0,0,0
A - IPC Crime,Petrol,NA,0,0,0,0
A - IPC Crime,Petroleum Product,NA,0,0,0,0
A - IPC Crime,Soft Drinks,NA,0,0,0,0
A - IPC Crime,Spices,NA,0,0,0,0
A - IPC Crime,AFFRAY (Sec. 160 IPC ),NA,41,28,16,25
A - IPC Crime,"ARSON (Sec. 435, 436, 438 IPC )",NA,27,14,19,8
A - IPC Crime,Agricultural Produce,NA,14,11,8,6
A - IPC Crime,Attemp to Commit,NA,1,1,1,0
A - IPC Crime,Boat / Ship,NA,0,0,0,0
A - IPC Crime,Dwelling House,NA,4,0,3,1
A - IPC Crime,Educational Institution,NA,0,0,0,0
A - IPC Crime,Govt. Property,NA,3,1,1,2
A - IPC Crime,Industrial Establishment,NA,1,0,0,1
A - IPC Crime,Place of worship,NA,0,0,0,0
A - IPC Crime,Public Place,NA,2,6,0,2
A - IPC Crime,Railway Property,NA,0,0,0,0
A - IPC Crime,Vital Installation,NA,0,0,0,0
A - IPC Crime,Warehouse (Godown),NA,0,0,0,0
A - IPC Crime,"ASSAULT (Sec 356, 357 IPC)",Attempt To Commit,0,1,0,0
A - IPC Crime,"ASSAULT (Sec 356, 357 IPC)",On Contractor,0,0,0,0
A - IPC Crime,"ASSAULT (Sec 356, 357 IPC)",On Domestic Servant,0,0,0,0
A - IPC Crime,"ASSAULT (Sec 356, 357 IPC)",On Labourer,1,1,1,0
A - IPC Crime,"ASSAULT (Sec 356, 357 IPC)",On Man (General),5,1,3,2
A - IPC Crime,"ASSAULT (Sec 356, 357 IPC)",On Man (SC),0,0,0,0
A - IPC Crime,"ASSAULT (Sec 356, 357 IPC)",On Man (ST),0,0,0,0
A - IPC Crime,"ASSAULT (Sec 356, 357 IPC)",On Manager/Executive (Other Than Public Servant),0,0,0,0
A - IPC Crime,"ASSAULT (Sec 356, 357 IPC)","On Member of Clergy (Christian, Budhist, Jain, Sikh)",0,0,0,0
A - IPC Crime,"ASSAULT (Sec 356, 357 IPC)",Member of Legislative Assembly / Council (MLA/MLC),0,0,0,0
A - IPC Crime,"ASSAULT (Sec 356, 357 IPC)",On Member of Parliament (MP),0,0,0,0
A - IPC Crime,"ASSAULT (Sec 356, 357 IPC)",On other Dignitaries /Public Figures,0,0,0,0
A - IPC Crime,"ASSAULT (Sec 356, 357 IPC)",On Press,0,0,0,0
A - IPC Crime,"ASSAULT (Sec 356, 357 IPC)",On Professional ,1,0,0,1
A - IPC Crime,"ASSAULT (Sec 356, 357 IPC)",On Public Servant,0,0,0,0
A - IPC Crime,"ASSAULT (Sec 356, 357 IPC)",On Student,0,0,0,0
A - IPC Crime,"ASSAULT (Sec 356, 357 IPC)",On Teacher,0,0,0,0
A - IPC Crime,"ASSAULT (Sec 356, 357 IPC)",On Women (General),0,0,0,0
A - IPC Crime,"ASSAULT (Sec 356, 357 IPC)",On Woman (SC),0,0,0,0
A - IPC Crime,"ASSAULT (Sec 356, 357 IPC)",On Woman (ST),0,0,0,0
A - IPC Crime,COMMUNAL / RELIGION (Sec. 295 to 297 IPC),NA,11,8,6,5
A - IPC Crime,Attempt to Commit,NA,0,0,0,0
A - IPC Crime,Caste Issue,NA,1,0,0,1
A - IPC Crime,Communal Issue,NA,3,5,2,1
A - IPC Crime,Linguistic Issue,NA,0,0,0,0
A - IPC Crime,Political Issue,NA,0,0,0,0
A - IPC Crime,Racial/Ethnic Issue,NA,1,0,1,0
A - IPC Crime,Regional Issue,NA,3,1,0,3
A - IPC Crime,Religious Issue,NA,12,11,8,4
A - IPC Crime,Sectarian Issue,NA,0,0,0,0
A - IPC Crime,"CRIMINAL CONSPIRACY (Sec. 120(B), 121(A) IPC)",NA,2,4,0,2
A - IPC Crime,Conspiracy To Wage War,NA,0,0,0,0
A - IPC Crime,Related to Substantive Offence,NA,3,0,1,2
A - IPC Crime,CRIMINAL INTIMIDATION (Sec. 504 to 508 IPC),NA,285,184,157,128
A - IPC Crime,"CRIMINAL MISAPPROPRIATION (Sec. 403, 404 IPC)",NA,0,0,0,0
A - IPC Crime,Attempt to Commit,NA,0,0,0,0
A - IPC Crime,Bank,NA,0,0,0,0
A - IPC Crime,Business Establishment,NA,0,0,0,0
A - IPC Crime,Charitable Organisation,NA,0,0,0,0
A - IPC Crime,Chitfund Organisation,NA,0,0,0,0
A - IPC Crime,Co-operative Organisation,NA,0,0,0,0
A - IPC Crime,Commercial Establishment/Shop,NA,0,0,0,0
A - IPC Crime,Customs Department,NA,0,0,0,0
A - IPC Crime,Excise Department,NA,0,0,0,0
A - IPC Crime,Financial Institution,NA,0,0,0,0
A - IPC Crime,Income Tax Department,NA,0,0,0,0
A - IPC Crime,Other Government Organisation,NA,0,0,0,0
A - IPC Crime,Postal Department,NA,0,0,0,0
A - IPC Crime,Public Sector Undertakings,NA,0,0,0,0
A - IPC Crime,Railway Department,NA,0,0,0,0
A - IPC Crime,Revenue Department,NA,0,0,0,0
A - IPC Crime,Sales Tax Department,NA,0,0,0,0
A - IPC Crime,Social Organisation (Aided) (N),NA,0,0,0,0
A - IPC Crime,Transport Authority,NA,0,0,0,0
A - IPC Crime,Trust - Other than religious,NA,0,0,0,0
A - IPC Crime,Trust - Religious,NA,0,0,0,0
A - IPC Crime,CRIMINAL TRESPASS (Sec.447 to 452 IPC),NA,25,12,13,12
A - IPC Crime,Attempt to Commit,NA,3,1,1,2
A - IPC Crime,Club,NA,0,0,0,0
A - IPC Crime,Hostel,NA,0,0,0,0
A - IPC Crime,Hotel,NA,1,2,1,0
A - IPC Crime,House,NA,74,40,39,35
A - IPC Crime,Land,NA,155,62,72,83
A - IPC Crime,Office,NA,6,4,4,2
A - IPC Crime,Prohibited Places,NA,1,3,0,1
A - IPC Crime,Religious Place,NA,3,1,3,0
A - IPC Crime,Restricted Area,NA,0,2,0,0
A - IPC Crime,CRUELTY BY HUSBAND (Sec. 498(A) IPC),Husband ,108,77,61,47
A - IPC Crime,CRUELTY BY HUSBAND (Sec. 498(A) IPC),Husband And Relative(S) in Law,208,94,108,100
A - IPC Crime,CRUELTY BY HUSBAND (Sec. 498(A) IPC),Relative(S) in Law,6,4,4,2
A - IPC Crime,CRUELTY BY HUSBAND (Sec. 498(A) IPC),Dowry Harassment,73,22,41,32
A - IPC Crime,DOWRY DEATHS (Sec.304(B) IPC),NA,3,2,1,2
A - IPC Crime,By Husband  ,NA,5,2,1,4
A - IPC Crime,By Husband And Relatives In Law,NA,12,2,9,3
A - IPC Crime,By Relatives in Law,NA,0,0,0,0
A - IPC Crime,By Burning,NA,2,2,0,2
A - IPC Crime,By Hanging,NA,10,8,5,5
A - IPC Crime,DEATHS DUE TO RASHNESS/NEGLIGENCE (Sec.304(A) IPC),NA,20,7,9,11
A - IPC Crime,Adulterated Food/Drug,NA,0,0,0,0
A - IPC Crime,Accident by Air,NA,0,0,0,0
A - IPC Crime,Boad Accident,NA,0,0,0,0
A - IPC Crime,Bridge/Dam Collapse,NA,1,0,1,0
A - IPC Crime,Building Collapse,NA,0,2,0,0
A - IPC Crime,Caused By Animal,NA,1,1,1,0
A - IPC Crime,Death Due to Other Cause,NA,10,8,5,5
A - IPC Crime,Electrocution Accident,NA,5,5,3,2
A - IPC Crime,Explosion Accident,NA,1,0,0,1
A - IPC Crime,Fire accident,NA,2,0,2,0
A - IPC Crime,Gas Leakage Accident,NA,0,0,0,0
A - IPC Crime,Improper Infrastucture In Construction,NA,7,5,3,4
A - IPC Crime,Improper Medical Treatment,NA,0,1,0,0
A - IPC Crime,In Custody of Public Servant,NA,0,0,0,0
A - IPC Crime,In Jail/Judicial Custody,NA,0,0,0,0
A - IPC Crime,In Police Custody,NA,0,0,0,0
A - IPC Crime,Industrial Accident (Factory),NA,1,1,0,1
A - IPC Crime,Inflammable Substance,NA,0,0,0,0
A - IPC Crime,Mine Accident,NA,1,0,1,0
A - IPC Crime,Poisonous Substance,NA,0,0,0,0
A - IPC Crime,Quarry Accident,NA,1,0,0,1
A - IPC Crime,Spurious Liquor (Hooch) Accident,NA,0,0,0,0
A - IPC Crime,Railway Accident,NA,0,0,0,0
A - IPC Crime,MOTOR VEHICLE ACCIDENTS FATAL (Sec.304(A) IPC),National Highways,589,291,335,254
A - IPC Crime,MOTOR VEHICLE ACCIDENTS FATAL (Sec.304(A) IPC),State Highways,516,270,265,251
A - IPC Crime,MOTOR VEHICLE ACCIDENTS FATAL (Sec.304(A) IPC),Other Roads,654,324,330,324
A - IPC Crime,MOTOR VEHICLE ACCIDENTS FATAL (Sec.304(A) IPC),Other Places,34,14,18,16
A - IPC Crime,"MOTOR VEHICLE ACCIDENTS NON-FATAL (Sec.279, 337, 338 IPC)",National Highways,1757,857,958,799
A - IPC Crime,"MOTOR VEHICLE ACCIDENTS NON-FATAL (Sec.279, 337, 338 IPC)",State Highways,1219,681,658,561
A - IPC Crime,"MOTOR VEHICLE ACCIDENTS NON-FATAL (Sec.279, 337, 338 IPC)",Other Roads,1950,1186,1007,943
A - IPC Crime,"MOTOR VEHICLE ACCIDENTS NON-FATAL (Sec.279, 337, 338 IPC)",Other Places,71,38,36,35
A - IPC Crime,"DEATHS-MISCARRIAGE (Sec.312, 313, 314 IPC)",Child,0,4,0,0
A - IPC Crime,"DEATHS-MISCARRIAGE (Sec.312, 313, 314 IPC)",Woman,0,0,0,0
A - IPC Crime,"DEATHS-MISCARRIAGE (Sec.312, 313, 314 IPC)",Women and Child,1,0,0,1
A - IPC Crime,"DEFENCE FORCES OFFENCES RELATING (also relating to desertion) (Sec.131 to 140, except 136 IPC)",Air Force,0,0,0,0
A - IPC Crime,"DEFENCE FORCES OFFENCES RELATING (also relating to desertion) (Sec.131 to 140, except 136 IPC)",Army,0,0,0,0
A - IPC Crime,"DEFENCE FORCES OFFENCES RELATING (also relating to desertion) (Sec.131 to 140, except 136 IPC)",Navy,0,0,0,0
A - IPC Crime,"ESCAPE FROM LAWFUL CUSTODY AND RESISTANCE (Sec.224, 225, 225(B) IPC)",From Jail Custody,1,2,1,0
A - IPC Crime,"ESCAPE FROM LAWFUL CUSTODY AND RESISTANCE (Sec.224, 225, 225(B) IPC)",From Police Custody,4,2,2,2
A - IPC Crime,"ESCAPE FROM LAWFUL CUSTODY AND RESISTANCE (Sec.224, 225, 225(B) IPC)",Others,0,4,0,0
A - IPC Crime,"IMPERSONATION (Sec.170, 171 IPC)",Attempt to Commit,1,0,0,1
A - IPC Crime,"IMPERSONATION (Sec.170, 171 IPC)",Non-Uniformed Authority,0,1,0,0
A - IPC Crime,"IMPERSONATION (Sec.170, 171 IPC)",Uniformed Authority,0,0,0,0
A - IPC Crime,"MISCHIEF (Sec.427 to 440 except 434, 435, 436, 438 IPC)",NA,57,30,38,19
A - IPC Crime,MOLESTATION (Sec.354 IPC),Attempt to Commit,10,5,6,4
A - IPC Crime,MOLESTATION (Sec.354 IPC),Private Place,113,80,52,61
A - IPC Crime,MOLESTATION (Sec.354 IPC),Public Conveyance,0,0,0,0
A - IPC Crime,MOLESTATION (Sec.354 IPC),Public Place,250,138,140,110
A - IPC Crime,MOLESTATION (Sec.354 IPC),Other Places,402,201,195,207
A - IPC Crime,POISONING-PROFESSIONAL (Sec. 328 IPC),Attempt to Commit,0,1,0,0
A - IPC Crime,POISONING-PROFESSIONAL (Sec. 328 IPC),Fatal,0,0,0,0
A - IPC Crime,POISONING-PROFESSIONAL (Sec. 328 IPC),Non Fatal,3,1,2,1
A - IPC Crime,PORNOGRAPHY (Sec.292 to 294 IPC),NA,0,5,0,0
A - IPC Crime,Advertisement,NA,0,0,0,0
A - IPC Crime,Audio Tape,NA,0,0,0,0
A - IPC Crime,Book,NA,0,0,0,0
A - IPC Crime,Computer Software,NA,0,0,0,0
A - IPC Crime,Figures,NA,0,0,0,0
A - IPC Crime,Film (Blue),NA,0,0,0,0
A - IPC Crime,Painting,NA,0,0,0,0
A - IPC Crime,Pamphlet,NA,0,0,0,0
A - IPC Crime,Paper,NA,0,0,0,0
A - IPC Crime,Photography,NA,0,0,0,0
A - IPC Crime,Poster,NA,0,0,0,0
A - IPC Crime,Video Film(Blue),NA,0,0,0,0
A - IPC Crime,PUBLIC JUSTICE (Sec.213 to 215 IPC),NA,0,0,0,0
A - IPC Crime,PUBLIC NUISANCE (Sec.291 and 510 IPC),NA,2,6,2,0
A - IPC Crime,"PUBLIC SAFETY (Sec.269 to 271, 277, 283, 289 IPC)",NA,78,94,57,21
A - IPC Crime,"OFFENCES AGAINST PUBLIC SERVANTS (Public servant is a victim) (Sec 182-188, 332, 333, 353 IPC)",Attempt to Commit,2,1,1,1
A - IPC Crime,"OFFENCES AGAINST PUBLIC SERVANTS (Public servant is a victim) (Sec 182-188, 332, 333, 353 IPC)",Defence Personnel,0,1,0,0
A - IPC Crime,"OFFENCES AGAINST PUBLIC SERVANTS (Public servant is a victim) (Sec 182-188, 332, 333, 353 IPC)",Jail Personnel,0,0,0,0
A - IPC Crime,"OFFENCES AGAINST PUBLIC SERVANTS (Public servant is a victim) (Sec 182-188, 332, 333, 353 IPC)",Judicial Official,1,3,0,1
A - IPC Crime,"OFFENCES AGAINST PUBLIC SERVANTS (Public servant is a victim) (Sec 182-188, 332, 333, 353 IPC)",Minister,0,0,0,0
A - IPC Crime,"OFFENCES AGAINST PUBLIC SERVANTS (Public servant is a victim) (Sec 182-188, 332, 333, 353 IPC)",MLA,0,0,0,0
A - IPC Crime,"OFFENCES AGAINST PUBLIC SERVANTS (Public servant is a victim) (Sec 182-188, 332, 333, 353 IPC)",MP,0,0,0,0
A - IPC Crime,"OFFENCES AGAINST PUBLIC SERVANTS (Public servant is a victim) (Sec 182-188, 332, 333, 353 IPC)",Nationalised Bank Personnel,1,1,1,0
A - IPC Crime,"OFFENCES AGAINST PUBLIC SERVANTS (Public servant is a victim) (Sec 182-188, 332, 333, 353 IPC)",Other Elected Member,0,0,0,0
A - IPC Crime,"OFFENCES AGAINST PUBLIC SERVANTS (Public servant is a victim) (Sec 182-188, 332, 333, 353 IPC)",Other Enforcement Official,0,1,0,0
A - IPC Crime,"OFFENCES AGAINST PUBLIC SERVANTS (Public servant is a victim) (Sec 182-188, 332, 333, 353 IPC)",Other Govt. Official,66,44,29,37
A - IPC Crime,"OFFENCES AGAINST PUBLIC SERVANTS (Public servant is a victim) (Sec 182-188, 332, 333, 353 IPC)",Para Military Personnel,0,0,0,0
A - IPC Crime,"OFFENCES AGAINST PUBLIC SERVANTS (Public servant is a victim) (Sec 182-188, 332, 333, 353 IPC)",Police Personnel,56,45,24,32
A - IPC Crime,"OFFENCES AGAINST PUBLIC SERVANTS (Public servant is a victim) (Sec 182-188, 332, 333, 353 IPC)",Public Sector Undertaking Official,10,12,6,4
A - IPC Crime,"OFFENCES BY PUBLIC SERVANTS (EXCEPT CORRUPTION) (Public servant is accused) (Sec.128, 139, 167, 218, 221, 222 IPC)",Defence Personnel,0,0,0,0
A - IPC Crime,"OFFENCES BY PUBLIC SERVANTS (EXCEPT CORRUPTION) (Public servant is accused) (Sec.128, 139, 167, 218, 221, 222 IPC)",Jail Personnel,0,0,0,0
A - IPC Crime,"OFFENCES BY PUBLIC SERVANTS (EXCEPT CORRUPTION) (Public servant is accused) (Sec.128, 139, 167, 218, 221, 222 IPC)",Judicial Official,0,0,0,0
A - IPC Crime,"OFFENCES BY PUBLIC SERVANTS (EXCEPT CORRUPTION) (Public servant is accused) (Sec.128, 139, 167, 218, 221, 222 IPC)",Minister,0,0,0,0
A - IPC Crime,"OFFENCES BY PUBLIC SERVANTS (EXCEPT CORRUPTION) (Public servant is accused) (Sec.128, 139, 167, 218, 221, 222 IPC)",MLA,0,0,0,0
A - IPC Crime,"OFFENCES BY PUBLIC SERVANTS (EXCEPT CORRUPTION) (Public servant is accused) (Sec.128, 139, 167, 218, 221, 222 IPC)",MP,0,0,0,0
A - IPC Crime,"OFFENCES BY PUBLIC SERVANTS (EXCEPT CORRUPTION) (Public servant is accused) (Sec.128, 139, 167, 218, 221, 222 IPC)",Nationalised Bank Personnel,0,0,0,0
A - IPC Crime,"OFFENCES BY PUBLIC SERVANTS (EXCEPT CORRUPTION) (Public servant is accused) (Sec.128, 139, 167, 218, 221, 222 IPC)",Other Elected Member,0,0,0,0
A - IPC Crime,"OFFENCES BY PUBLIC SERVANTS (EXCEPT CORRUPTION) (Public servant is accused) (Sec.128, 139, 167, 218, 221, 222 IPC)",Other Enforcement Official,0,0,0,0
A - IPC Crime,"OFFENCES BY PUBLIC SERVANTS (EXCEPT CORRUPTION) (Public servant is accused) (Sec.128, 139, 167, 218, 221, 222 IPC)",Other Govt. Official,0,1,0,0
A - IPC Crime,"OFFENCES BY PUBLIC SERVANTS (EXCEPT CORRUPTION) (Public servant is accused) (Sec.128, 139, 167, 218, 221, 222 IPC)",Para Military Personnel,0,0,0,0
A - IPC Crime,"OFFENCES BY PUBLIC SERVANTS (EXCEPT CORRUPTION) (Public servant is accused) (Sec.128, 139, 167, 218, 221, 222 IPC)",Police Personnel,0,1,0,0
A - IPC Crime,"OFFENCES BY PUBLIC SERVANTS (EXCEPT CORRUPTION) (Public servant is accused) (Sec.128, 139, 167, 218, 221, 222 IPC)",Public Sector Undertaking Official,0,0,0,0
A - IPC Crime,"OFFENCES BY PUBLIC SERVANTS (EXCEPT CORRUPTION) (Public servant is accused) (Sec.128, 139, 167, 218, 221, 222 IPC)",Others,0,0,0,0
A - IPC Crime,"NEGLIGENT ACT (Sec.280 to 289, 336 to 338 except 283 IPC)",Animal -Related,5,1,4,1
A - IPC Crime,"NEGLIGENT ACT (Sec.280 to 289, 336 to 338 except 283 IPC)",Boat/Vessel - Related,0,0,0,0
A - IPC Crime,"NEGLIGENT ACT (Sec.280 to 289, 336 to 338 except 283 IPC)",Explosive/Explosive Substances - Related,1,0,1,0
A - IPC Crime,"NEGLIGENT ACT (Sec.280 to 289, 336 to 338 except 283 IPC)",Inflammable Substance- Related ,1,0,0,1
A - IPC Crime,"NEGLIGENT ACT (Sec.280 to 289, 336 to 338 except 283 IPC)",Machinery - Related,30,10,13,17
A - IPC Crime,"NEGLIGENT ACT (Sec.280 to 289, 336 to 338 except 283 IPC)",Poisonous Substance - Related,0,1,0,0
A - IPC Crime,"NEGLIGENT ACT (Sec.280 to 289, 336 to 338 except 283 IPC)",Other - Related,97,308,53,44
A - IPC Crime,"NEGLIGENT ACT (Sec.280 to 289, 336 to 338 except 283 IPC)",Human - Related,46,48,18,28
A - IPC Crime,RECEIVING OF STOLEN PROPERTY (Sec.411 to 414 IPC),NA,0,0,0,0
A - IPC Crime,SEDITION (Sec. 124A IPC),Attempt to Commit,0,0,0,0
A - IPC Crime,SEDITION (Sec. 124A IPC),By Foreigner,0,0,0,0
A - IPC Crime,SEDITION (Sec. 124A IPC),By National,0,2,0,0
A - IPC Crime,SEDITION (Sec. 124A IPC),By National And Foreigner,0,0,0,0
A - IPC Crime,INSULTING MODESTY OF WOMEN (EVE TEASING) (Sec.509 IPC),Attempt to Commit,0,0,0,0
A - IPC Crime,INSULTING MODESTY OF WOMEN (EVE TEASING) (Sec.509 IPC),Office,1,0,1,0
A - IPC Crime,INSULTING MODESTY OF WOMEN (EVE TEASING) (Sec.509 IPC),Public Conveyance,0,0,0,0
A - IPC Crime,INSULTING MODESTY OF WOMEN (EVE TEASING) (Sec.509 IPC),Public Place,5,3,3,2
A - IPC Crime,INSULTING MODESTY OF WOMEN (EVE TEASING) (Sec.509 IPC),Other Places,6,2,2,4
A - IPC Crime,"SUICIDE (Sec.305, 306, 309 IPC)",Dowry,3,1,2,1
A - IPC Crime,"SUICIDE (Sec.305, 306, 309 IPC)",Abetment of Suicide,47,29,25,22
A - IPC Crime,"SUICIDE (Sec.305, 306, 309 IPC)",Other Reasons,43,25,21,22
A - IPC Crime,"SUICIDE (Sec.305, 306, 309 IPC)",Attempt to Commit suicide,29,12,17,12
A - IPC Crime,UNNATURAL SEX (Sec.377 IPC),Abetment  ,0,0,0,0
A - IPC Crime,UNNATURAL SEX (Sec.377 IPC),Animal  ,1,0,0,1
A - IPC Crime,UNNATURAL SEX (Sec.377 IPC),Attempt,0,0,0,0
A - IPC Crime,UNNATURAL SEX (Sec.377 IPC),Major - Man,0,0,0,0
A - IPC Crime,UNNATURAL SEX (Sec.377 IPC),Major - Woman,0,0,0,0
A - IPC Crime,UNNATURAL SEX (Sec.377 IPC),Minor - Boy,1,0,1,0
A - IPC Crime,UNNATURAL SEX (Sec.377 IPC),Minor - Girl,0,0,0,0
A - IPC Crime,WRONGFUL RESTRAINT/CONFINEMENT (Sec.341 to 348 IPC),NA,49,24,33,16
A - IPC Crime,Attempt to Commit,NA,5,0,2,3
A - IPC Crime,To Extort Confession,NA,1,0,0,1
A - IPC Crime,To Extort Property,NA,6,0,1,5
A - IPC Crime,To settle Dispute,NA,3,3,2,1
A - IPC Crime,"INFANTICIDE (Sec.315, 316 IPC)",Male,0,0,0,0
A - IPC Crime,"INFANTICIDE (Sec.315, 316 IPC)",Female,0,0,0,0
A - IPC Crime,OFFENCES RELATED TO MARRIAGE (Sec.493 to 498 IPC),NA,11,4,5,6
A - IPC Crime,"BUYING & SELLING MINOR FOR PROSTITUTION (Sec.372, 373 IPC)",NA,0,0,0,0
A - IPC Crime,DOCUMENTS & PROPERTY MARKS (Sec.483 to 489 IPC),Documents  ,0,0,0,0
A - IPC Crime,DOCUMENTS & PROPERTY MARKS (Sec.483 to 489 IPC),Property  ,0,1,0,0
A - IPC Crime,DEFAMATION (Sec.500 to 502 IPC),Persons ,2,0,0,2
A - IPC Crime,DEFAMATION (Sec.500 to 502 IPC),Printed Matter,0,0,0,0
A - IPC Crime,DEFAMATION (Sec.500 to 502 IPC),Others,0,0,0,0
A - IPC Crime,ELECTION(Sec.171(E) to 171(1) IPC),Assembly,0,0,0,0
A - IPC Crime,ELECTION(Sec.171(E) to 171(1) IPC),Parliament,0,0,0,0
A - IPC Crime,ELECTION(Sec.171(E) to 171(1) IPC),Other Elected Bodies,3,4,2,1
A - IPC Crime,"SLAVERY (Sec.370, 371, 374 IPC)",Man,0,0,0,0
A - IPC Crime,"SLAVERY (Sec.370, 371, 374 IPC)",Woman,0,1,0,0
A - IPC Crime,"SLAVERY (Sec.370, 371, 374 IPC)",Boy,0,0,0,0
A - IPC Crime,"SLAVERY (Sec.370, 371, 374 IPC)",Girl,0,0,0,0
A - IPC Crime,Attempting to commit offences (Sec.511 IPC),NA,36,15,15,21
A - IPC Crime,ILLEGAL DETENTION (Sec.342 IPC),NA,0,0,0,0
A - IPC Crime,FALSE EVIDENCE (Sec.191 to 205 IPC),NA,3,3,2,1
A - IPC Crime,EXPOSURE AND ABANDONMENT OF CHILD (Sec.317 IPC),Boy ,4,3,2,2
A - IPC Crime,EXPOSURE AND ABANDONMENT OF CHILD (Sec.317 IPC),Girl,7,4,6,1
A - IPC Crime,OF ABETMENT (Sec.107 to 120 IPC),NA,1,1,1,0
A - IPC Crime,"FAILURE TO APPEAR TO COURT (Sec.174, 229A IPC)",174 A,7,0,3,4
A - IPC Crime,"FAILURE TO APPEAR TO COURT (Sec.174, 229A IPC)",229 A,93,1,26,67
A - IPC Crime,Concealment of birth by secret disposal of Child,Girl,4,2,2,2
A - IPC Crime,Concealment of birth by secret disposal of Child,Boy,3,3,1,2
A - IPC Crime,ASSAULT OR USE OF CRIMINAL FORCE TO DISROBE WOMEN,NA,2,0,2,0
A - IPC Crime,Disobedience to Order Promulgated by Public/Servant,By Private Institution,1,1,0,1
A - IPC Crime,Disobedience to Order Promulgated by Public/Servant,By Govt. Institution,0,0,0,0
A - IPC Crime,Disobedience to Order Promulgated by Public/Servant,By Others,2,0,2,0
A - IPC Crime,ANTIQUES (CULTURAL PROPERTY),Antiques & Art Treasures Act 1972,0,0,0,0
A - IPC Crime,ANTIQUES (CULTURAL PROPERTY),Ancient Monument & Archaelogical Sites And Remains Act 1958,1,0,1,0
A - IPC Crime,ARMS ACT 1959,Country Made - Non Prohibited Bore - In Disturbed Area,2,0,0,2
A - IPC Crime,ARMS ACT 1959,Country Made - Non Prohibited Bore - In Other Area,33,5,13,20
A - IPC Crime,ARMS ACT 1959,Country Made - Prohibited Bore - In Disturbed Area,3,0,1,2
A - IPC Crime,ARMS ACT 1959,Country Made - Prohibited Bore - In Other Area,20,6,6,14
A - IPC Crime,ARMS ACT 1959,Factory Made - Non Prohibited Bore - In Disturbed Area,1,0,0,1
A - IPC Crime,ARMS ACT 1959,Factory Made - Non Prohibited Bore - In Other Area,12,0,6,6
A - IPC Crime,ARMS ACT 1959,Factory Made - Prohibited Bore - In Disturbed Area,1,0,1,0
A - IPC Crime,ARMS ACT 1959,Factory Made - Prohibited Bore - In Other Area,8,2,2,6
A - IPC Crime,ANIMAL,Wild Life Preservation Act 1972,0,0,0,0
A - IPC Crime,ANIMAL,Wild Life Protection Act 1972,2,0,1,1
A - IPC Crime,ANIMAL,Prevention of Cruelty to Animals Act 1960,16,14,6,10
A - IPC Crime,ANIMAL,Elephant (Preservation) Act 1879,0,0,0,0
A - IPC Crime,ANIMAL,Cattle Tresspass Act 1871,0,0,0,0
A - IPC Crime,CINEMATOGRAPHY ACT 1952,Films,0,0,0,0
A - IPC Crime,CINEMATOGRAPHY ACT 1952,Video,0,0,0,0
A - IPC Crime,CONSUMER,Liquified Petroleum Gas Supply & Control Order 2000 ,5,4,0,5
A - IPC Crime,CONSUMER,Consumer (Protection) Act 1986,0,0,0,0
A - IPC Crime,CONSUMER,Essential Commodities Act 1955,64,21,39,25
A - IPC Crime,CONSUMER,Prevention of Food Adulternation Act 1954,0,0,0,0
A - IPC Crime,CONSUMER,Packaged Commodities (Regulation) order 1975,0,0,0,0
A - IPC Crime,COPY RIGHT ACT 1957,By Company,18,10,8,10
A - IPC Crime,COPY RIGHT ACT 1957,By Individual,10,3,5,5
A - IPC Crime,CIVIL RIGHTS,Protection of Civil Rights Act 1955,0,0,0,0
A - IPC Crime,SCHEDULED CASTE AND THE SCHEDULED TRIBES,Scheduled Caste  ,148,89,85,63
A - IPC Crime,SCHEDULED CASTE AND THE SCHEDULED TRIBES,Scheduled Tribes,35,23,19,16
A - IPC Crime,SCHEDULED CASTE AND THE SCHEDULED TRIBES,Scheduled Caste Women,66,37,31,35
A - IPC Crime,SCHEDULED CASTE AND THE SCHEDULED TRIBES,Scheduled Tribes Women,23,7,13,10
A - IPC Crime,CHILDREN ACT,Child Labour (Prohibition & Regulation) Act1986,20,7,14,6
A - IPC Crime,CHILDREN ACT,The Prohibition of Child Marriage Act - 2006,32,14,7,25
A - IPC Crime,CHILDREN ACT,Juvenile Justice Act 1986,13,6,7,6
A - IPC Crime,CHILDREN ACT,Probation of offenders Act 1958,0,0,0,0
A - IPC Crime,CHILDREN ACT,Protection of Children from Sexual Offences Act 2012 (POCSO),0,0,0,0
A - IPC Crime,PREVENTION OF CORRUPTION ACT 1988,Public Servant - Elected,0,0,0,0
A - IPC Crime,PREVENTION OF CORRUPTION ACT 1988,Public Servant - Gazetted - Central,0,0,0,0
A - IPC Crime,PREVENTION OF CORRUPTION ACT 1988,Public Servant - Gazetted - Defence,0,0,0,0
A - IPC Crime,PREVENTION OF CORRUPTION ACT 1988,Public Servant - Gazetted - Public Sector Undertaking,0,0,0,0
A - IPC Crime,PREVENTION OF CORRUPTION ACT 1988,Public Servant - Gazetted - State,0,0,0,0
A - IPC Crime,PREVENTION OF CORRUPTION ACT 1988,Public Servant - Non-Gazetted - Central,0,0,0,0
A - IPC Crime,PREVENTION OF CORRUPTION ACT 1988,Public Servant - Non-Gazetted - Defence,0,0,0,0
A - IPC Crime,PREVENTION OF CORRUPTION ACT 1988,Public Servant - Non-Gazetted - State,0,0,0,0
A - IPC Crime,CUSTOMS,Customs Act 1962,0,0,0,0
A - IPC Crime,CUSTOMS,Import/Export (Control) Act 1947,0,0,0,0
A - IPC Crime,Explosives,Explosives Substances Act 1908,18,3,7,11
A - IPC Crime,Explosives,Explosives Act 1884,25,4,11,14
A - IPC Crime,Explosives,Inflammable Substance Act 1952,1,0,0,1
A - IPC Crime,FOREIGN EXCHANGE,Smugglers and Foreign Exchange Manipulator Act 1976,0,0,0,0
A - IPC Crime,FOREIGN EXCHANGE,Foreign Exchange Regulation Act 1973,0,0,0,0
A - IPC Crime,FOREIGN EXCHANGE,Foreign Exchange Regulation Act 1952,0,0,0,0
A - IPC Crime,FOREIGNER,Foreigners Act 1946,10,6,6,4
A - IPC Crime,FOREIGNER,Registration of Foreigners Act 1939,0,0,0,0
A - IPC Crime,FOREST,Indian Forest Act 1927,0,0,0,0
A - IPC Crime,FOREST,Forest (Conservation) Act 1980,1,1,1,0
A - IPC Crime,HIJACKING,Foreign Aircraft - In India,0,0,0,0
A - IPC Crime,HIJACKING,Foreign Aircraft - Outside India,0,0,0,0
A - IPC Crime,HIJACKING,Indian Aircraft - In India,0,0,0,0
A - IPC Crime,HIJACKING,Indian Aircraft - Outside India,0,0,0,0
A - IPC Crime,IMMORAL TRAFFIC,Organised,19,16,9,10
A - IPC Crime,IMMORAL TRAFFIC,Un-Organised,16,2,6,10
A - IPC Crime,BONDED LABOUR SYSTEM,NA,3,1,2,1
A - IPC Crime,INDIAN MOTOR VEHICLE,NA,3,0,3,0
A - IPC Crime,NARCOTIC DRUGS & PSYCHOTROPIC SUBSTANCES ACT,Cultivated/Processed,594,80,218,376
A - IPC Crime,NARCOTIC DRUGS & PSYCHOTROPIC SUBSTANCES ACT,Synthetic,436,99,115,321
A - IPC Crime,PASSPORT ACT,Foreigner,2,5,1,1
A - IPC Crime,PASSPORT ACT,Indian,3,2,2,1
A - IPC Crime,REPRESENTATIVE OF PEOPLE ACT 1951 & 1988,Assembly,0,0,0,0
A - IPC Crime,REPRESENTATIVE OF PEOPLE ACT 1951 & 1988,Parliament,0,0,0,0
A - IPC Crime,REPRESENTATIVE OF PEOPLE ACT 1951 & 1988,Other Elected Bodies,1,0,0,1
A - IPC Crime,KARNATAKA POLICE ACT 1963,Gambling - Matka (78 Class C),1229,650,650,579
A - IPC Crime,KARNATAKA POLICE ACT 1963,Street Gambling (87),903,481,466,437
A - IPC Crime,KARNATAKA POLICE ACT 1963,House Gambling (79 & 80),29,31,17,12
A - IPC Crime,KARNATAKA POLICE ACT 1963,Betting ,32,18,19,13
A - IPC Crime,KARNATAKA POLICE ACT 1963,Others ,77,66,46,31
A - IPC Crime,PREVENTION OF DAMAGE TO PUBLIC PROPERTY ACT 1984,NA,19,13,10,9
A - IPC Crime,"POST & TELEGRAPH, TELEGRAPH WIRES (UNLAWFUL POSSESSION) ACT 1980",NA,0,0,0,0
A - IPC Crime,Official Secrets Act 1923,NA,0,0,0,0
A - IPC Crime,Essential Services Maintenance Act 1981,NA,0,0,0,0
A - IPC Crime,PREVENTION OF TERRORISM ACT (POTA),NA,0,0,0,0
A - IPC Crime,RAILWAYS ACT,Indian Railways Act 1989,0,0,0,0
A - IPC Crime,RAILWAYS ACT,Railway Property (Unlawful Possession) Act 1966,0,0,0,0
A - IPC Crime,UNLAWFUL ACTIVITIES (Prevention) Act 1967,NA,0,0,0,0
A - IPC Crime,CRIMES RELATED TO WOMEN,Dowry Prohibition,295,153,159,136
A - IPC Crime,CRIMES RELATED TO WOMEN,Commission of SATI (Prevention) Act 1987,0,0,0,0
A - IPC Crime,CRIMES RELATED TO WOMEN,Indecent Representation of Women (Prohibition) Act 1986,0,0,0,0
A - IPC Crime,INDIAN LUNACY ACT,NA,0,0,0,0
A - IPC Crime,INDIAN ELECTRICITY ACT,NA,1,0,1,0
A - IPC Crime,"COTPA, CIGARETTES AND OTHER TOBACCO PRODUCTS",NA,26,39,13,13
A - IPC Crime,Karnataka Cow Slaughters Act,NA,40,17,22,18
A - IPC Crime,"The Karnataka Prevention of Dangerous Activities of Bootleggers, Drug-offenders, Gamblers, Goonda Act",NA,0,0,0,0
A - IPC Crime,Karnataka Excise Act 1965,NA,787,644,339,448
A - IPC Crime,Karnataka Forest Act 1963,NA,7,5,3,4
A - IPC Crime,Karnataka Education Act 1983 As Amended Upto Date,NA,2,0,1,1
A - IPC Crime,Karnataka Kerosene Restriction Unuse Act 1956,NA,0,0,0,0
A - IPC Crime,Karnataka University Act,NA,0,0,0,0
A - IPC Crime,Karnataka Corruption Act,NA,0,0,0,0
A - IPC Crime,Karnataka Medical Registration Act 1965,NA,0,0,0,0
A - IPC Crime,Karnataka Land & Revenue Acdt 1964 & 2007,NA,23,3,20,3
A - IPC Crime,Karnataka Kerosene Dealers License Order 1969,NA,0,0,0,0
A - IPC Crime,Karnataka Society Registration Act,NA,0,0,0,0
A - IPC Crime,Karnataka Minor Mineral Consistent Rule 1994,NA,16,18,3,13
A - IPC Crime,Bangalore Development Authority Act,NA,1,0,0,1
A - IPC Crime,Karnataka Prohibition of Beggery Act 1975,NA,0,0,0,0
A - IPC Crime,Karnataka Municipalities Act 1964,NA,0,0,0,0
A - IPC Crime,Karnataka Irrigation Act 1963,NA,1,0,0,1
A - IPC Crime,Karnataka Fire Force act 1964,NA,1,0,0,1
A - IPC Crime,Karnataka Consumer Protection Act 1986,NA,0,0,0,0
A - IPC Crime,Karnataka Lottery Act,NA,5,5,3,2
A - IPC Crime,Karnataka Weight & Measurement Act,NA,0,0,0,0
A - IPC Crime,Karnataka Agriculture Marketing Regulation Act,NA,0,0,0,0
A - IPC Crime,Karnataka Revenue Act,NA,1,0,0,1
A - IPC Crime,Karnataka Mining Act,NA,1,1,0,1
A - IPC Crime,Karnataka Betting Tax Act,NA,0,0,0,0
A - IPC Crime,Karnataka Panchayat Raj Act,NA,0,0,0,0
A - IPC Crime,Karnataka Open Place Disfigurement Act 1951,NA,12,21,6,6
A - IPC Crime,Karnataka Right To Information Act 2000 & 2008,NA,0,0,0,0
A - IPC Crime,Karnataka Urban Development Act 1987,NA,0,0,0,0
A - IPC Crime,Karnataka Town & City Planning Act 1961,NA,0,0,0,0
A - IPC Crime,Karnataka Race Betting Act,NA,0,0,0,0
A - IPC Crime,Karnataka Devadasi's (Prohibition Of Dedication) Act 1982,NA,1,0,0,1
A - IPC Crime,Cooperative Society Act,NA,0,0,0,0
A - IPC Crime,Karnataka Entertainment Tax Act 1958,NA,0,0,0,0
A - IPC Crime,Karnataka Land Acquisition (Prohibition) Act 2007,NA,1,1,0,1
A - IPC Crime,Karnataka Money Lender Act 1961,NA,3,1,1,2
A - IPC Crime,Karnataka Stamp Act 1957,NA,0,0,0,0
A - IPC Crime,Karnataka Prisoners Act 1963 & 1974,NA,1,0,0,1
A - IPC Crime,Karnataka Private Medical Institution Act 2007,NA,0,1,0,0
A - IPC Crime,MMRD (Mines & Minerals Regulation Development ) Act 1957,NA,45,42,19,26
A - IPC Crime,Karnataka Treasure Trove Act 1962,NA,0,1,0,0
A - IPC Crime,Karnataka Prohibition of Charging Exorbitant Interest Act 2004,NA,3,1,2,1
A - IPC Crime,Karnataka Ayurvedic And Unani Pract. Regis. & Medical Prac. Misc. Prov. Act,NA,0,0,0,0
A - IPC Crime,Other Local Acts,NA,13,19,9,4
A - IPC Crime,"Information Technology Act 2000, 2009",NA,993,661,562,431
A - IPC Crime,NATIONAL SECURITY ACT,NA,0,0,0,0
A - IPC Crime,POCSO,Custodial Rape,0,0,0,0
A - IPC Crime,POCSO,Gang Rape,1,0,1,0
A - IPC Crime,POCSO,Rape,291,140,129,162
A - IPC Crime,POCSO,Others ,125,74,71,54
A - IPC Crime,Rape (Sec. 376 IPC),1.1  Custodial Rape,0,0,0,0
A - IPC Crime,Rape (Sec. 376 IPC),1.2  Gang Rape,2,0,1,1
A - IPC Crime,Rape (Sec. 376 IPC),1.3  other Cases of Rape,73,40,41,32
A - IPC Crime,Outraging modesty (Molestation) (sec.354 IPC),NA,775,424,393,382
A - IPC Crime,Kidnapping & Abduction of Women: (Sec.366 IPC),NA,37,19,16,21
A - IPC Crime,Insulting modesty (Eve-Teasing) (Sec.294 & 509 IPC if victim is a woman),NA,12,5,6,6
A - IPC Crime,Murder for Dowry - by burning (Sec.302 IPC),NA,1,0,1,0
A - IPC Crime,"Murder for Dowry - by other means
(Sec.302 IPC)",NA,1,1,1,0
A - IPC Crime,Murder for other reasons,NA,77,37,36,41
A - IPC Crime,Attempt to Commit Murder for dowry by burning (Sec.307 IPC),NA,0,1,0,0
A - IPC Crime,Attempt to Commit Murder for dowry by other means (Sec.307 IPC),NA,10,5,8,2
A - IPC Crime,Attempt to Commit murder for other reasons,NA,129,41,86,51
A - IPC Crime,"Dowry Death-by burning
(Sec.304-B IPC)",NA,2,2,0,2
A - IPC Crime,Dowry Death-by other Means (Sec.304(B) IPC),NA,30,14,16,14
A - IPC Crime,Cruelty by Husband or Relatives of Husband (Sec.498-A IPC),NA,395,197,214,181
A - IPC Crime,Abetment of Suicide (Sec.306 IPC),NA,28,1,15,13
A - IPC Crime,Immoral Traffic (prevention) Act.,NA,35,18,15,20
A - IPC Crime,Indecent Representation of Women(Prohibition) Act-1986,NA,0,0,0,0
A - IPC Crime,Pornography,NA,0,1,0,0
A - IPC Crime,Offences against Public Servants (Sec.182-188-333-353 IPC),NA,19,13,8,11
A - IPC Crime,Offences related to Marriage,NA,8,3,3,5
A - IPC Crime,Cyber Crimes,NA,205,72,109,96
A - IPC Crime,"Infanticide/ Foeticide 
(Sec. 315 & 316 IPC)",NA,0,0,0,0
A - IPC Crime,Rape on Minor,NA,0,0,0,0
A - IPC Crime,Exposure & abandonment (Sec. 317 IPC),NA,11,7,8,3
A - IPC Crime,Kidnapping & Abduction of Children,NA,480,221,224,256
A - IPC Crime,For Ransom - of Children,NA,3,0,2,1
A - IPC Crime,of Children - for begging,NA,0,0,0,0
A - IPC Crime,of Girls - Immoral Purpose,NA,0,0,0,0
A - IPC Crime,With intent to Steal from Child,NA,0,0,0,0
A - IPC Crime,Lawful Guardianship,NA,1,0,0,1
A - IPC Crime,Procuration of Minor Girls - For Prostitution,NA,0,0,0,0
A - IPC Crime,Procuration of Minor Girls - Importing of Girl,NA,0,0,0,0
A - IPC Crime,Procuration of Minor Girls - For Other Purposes,NA,5,3,3,2
A - IPC Crime,Selling of girls for Prostitution (Sec.372 IPC),NA,0,0,0,0
A - IPC Crime,The Prohibition of Child Marriage Act - 2006,NA,32,14,7,25
A - IPC Crime,POCSO Act,NA,417,214,201,216
A - IPC Crime,Death of Children due to miscarriage,NA,1,4,0,1
A - IPC Crime,Juvenile Justice Act,NA,13,6,7,6
A - IPC Crime,Child Labour (Pro.& Reg.) Act,NA,20,7,14,6
A - IPC Crime,Probation of Offenders Act,NA,0,0,0,0
A - IPC Crime,Murder,NA,12,8,4,8
A - IPC Crime,Rape,NA,32,30,26,22
A - IPC Crime,Kidnapping,NA,11,28,31,7
A - IPC Crime,Offences under the Protection of Civil Rights Act.,NA,8,39,46,8
A - IPC Crime,Offences under the SC & ST  (prevention of Atrocities)Act 1989 (if the victim is SC),NA,209,51,41,79
